category,layer,head_idx,mean_effect,median_effect,se,n,p_value,fdr_significant
C,0,0,-0.0019971796197893123,-0.0006454408610892368,0.0018949628621085636,22,0.46277761459350586,False
C,0,1,-4.45946105213837e-05,-3.479000632535738e-05,2.26100901562923e-05,22,0.1054534912109375,False
C,0,2,-0.0006576788194706565,-0.000506785404532906,0.0014025263900132737,22,0.8237285614013672,False
C,0,3,0.004417161567747968,0.0028690762579166203,0.0013105738491259239,22,0.004151344299316406,True
C,0,4,0.0025947166679955603,0.0034701423318048083,0.0014732855823946973,22,0.06341934204101562,False
C,0,5,0.006960413765687057,0.004707267585090392,0.0026818972512094546,22,0.011472702026367188,True
C,0,6,0.0010630179486021344,-0.00016761732400572482,0.003130242538573323,22,0.9239659309387207,False
C,0,7,0.004058007409269562,0.005644977101849929,0.004206135135243833,22,0.1465167999267578,False
C,0,8,-0.00045293580643645663,0.00022494216722518956,0.0010855277527638877,22,0.9492697715759277,False
C,0,9,0.0012581330744674277,-0.0008137565041458703,0.002215646752371872,22,0.9239659309387207,False
C,0,10,0.0019270547429924712,-0.0013382259356621105,0.0021127487952893537,22,1.0,False
C,0,11,0.002544913794551128,-0.00010786599517589298,0.0021658619576332655,22,0.4825911521911621,False
C,0,12,-0.0005423889480704339,-0.0009312408861654219,0.0008270238636841995,22,0.1465167999267578,False
C,0,13,0.0021483897190314473,0.000966419309988946,0.0009768879432937214,22,0.014094829559326172,True
C,0,14,-0.0005137800222588811,0.0023876867855073146,0.0026346884096400468,22,0.46277761459350586,False
C,0,15,0.018319883700206162,0.015350537948507135,0.006092030322893953,22,0.009274482727050781,True
C,1,0,0.00020974137444301682,-1.3598549282958027e-05,0.0003661295063393617,22,0.898735523223877,False
C,1,1,0.0004283076606065431,0.00028936244698551754,0.00047389407549613846,22,0.4434065818786621,False
C,1,2,0.0003797387678804168,0.0008202619760185352,0.001199715567796492,22,0.7502379417419434,False
C,1,3,-0.0011880181198245883,-0.00010838741788635678,0.0015988914417907625,22,0.6788630485534668,False
C,1,4,0.010704245751848767,0.006091553855164205,0.003559268543663085,22,0.0028514862060546875,True
C,1,5,0.0012517294376573776,0.001577414713054792,0.0007048352849476963,22,0.05869007110595703,False
C,1,6,-0.0006286592302859644,-0.0025754082241407662,0.002588543282445496,22,0.6556386947631836,False
C,1,7,-0.0003772536062552145,-0.0006701129502967083,0.0008713345924695231,22,0.774528980255127,False
C,1,8,-0.0002476414048447718,0.002779014092926549,0.0028538892959159567,22,0.6556386947631836,False
C,1,9,-0.00033666423156825093,-0.0001855188440521452,0.00060223137953797,22,0.6101517677307129,False
C,1,10,0.003077192296027136,0.003006038340673381,0.004566562977500452,22,0.46277761459350586,False
C,1,11,0.0012636234604116935,0.0004110457359572852,0.0006085132933298737,22,0.06341934204101562,False
C,1,12,0.002780510802253924,0.0031512851474732703,0.0009063241958357359,22,0.017200946807861328,True
C,1,13,0.004593461963073913,0.004362494600235109,0.0021301547362588464,22,0.06341934204101562,False
C,1,14,0.0007931285857808026,0.0017369104641952239,0.0009808279543744897,22,0.5445904731750488,False
C,1,15,-0.0010286980961671166,-0.0001721711354126946,0.0005719583526207565,22,0.3534979820251465,False
C,2,0,-0.0014865405230203204,-0.001210096181936576,0.0007060586908581871,22,0.02513885498046875,False
C,2,1,-0.0004150878250483351,-0.0009112876769023079,0.0008639039385913982,22,0.2615199089050293,False
C,2,2,-0.00026146272816053405,-0.0005637283585554604,0.0007052465700108923,22,0.4060330390930176,False
C,2,3,-0.0006454957501626292,-0.0005896393432927105,0.0004904815754727492,22,0.1054534912109375,False
C,2,4,0.0012997904716675578,0.0005073161301018947,0.0013554125609135073,22,0.4825911521911621,False
C,2,5,-0.00015145039546009986,-0.00012206136653222804,0.0004671861459518147,22,0.8237285614013672,False
C,2,6,-0.000242867229593652,-0.00039595359497005195,0.00057425940892505,22,0.2902231216430664,False
C,2,7,-0.0011935201079661519,-3.810715516280267e-05,0.0009997688769683617,22,0.4060330390930176,False
C,2,8,-0.004414704400430003,-0.0023111097295337828,0.0014330759778947706,22,0.0036711692810058594,True
C,2,9,-0.00042550610903931103,-0.0008889532042643913,0.0007465235003646518,22,0.23476219177246094,False
C,2,10,-0.00118759058856164,-0.0005511334048928205,0.0009371388977377387,22,0.1054534912109375,False
C,2,11,0.001608661078083532,0.001241623182260144,0.0021214155891659697,22,0.4825911521911621,False
C,2,12,-0.000157111636101179,-0.0006882141610326748,0.000576801966170416,22,0.3880448341369629,False
C,2,13,-0.0016733546074835881,-0.002029043313452086,0.0033038930821185104,22,0.30530881881713867,False
C,2,14,0.00018563413305115086,0.00046777850864640664,0.0008641200615924167,22,0.3534979820251465,False
C,2,15,0.0011833608231506332,0.0006772882664544585,0.0007858970113453066,22,0.1761918067932129,False
C,3,0,0.0002662588047306763,9.123997140049087e-05,0.0005932456108058711,22,0.8237285614013672,False
C,3,1,-0.0008107228862647549,-0.001523847300257563,0.001194352979175819,22,0.4825911521911621,False
C,3,2,0.02521052620739882,0.024550827310296335,0.00718720294552628,22,0.0016727447509765625,True
C,3,3,-0.0009059336026953427,-0.00010253387353754181,0.001035788955178381,22,0.6788630485534668,False
C,3,4,0.0033446175750274716,0.003940105719988135,0.0012007848404853379,22,0.004684925079345703,True
C,3,5,0.000919161250946261,0.0021251147549875096,0.0016169364945632528,22,0.3369474411010742,False
C,3,6,-0.0023574199380249055,-0.0007334689407552048,0.0031655551356870233,22,0.774528980255127,False
C,3,7,0.009245239101416478,0.010646290750826723,0.003699691601773514,22,0.03907346725463867,False
C,3,8,0.0003417525192779916,4.135096022606736e-05,0.0009789887577525745,22,0.6788630485534668,False
C,3,9,0.0019699307463653857,0.002399730921185093,0.0016571964070654576,22,0.32088327407836914,False
C,3,10,0.003552051877457911,0.003295204174148042,0.00385169461564447,22,0.30530881881713867,False
C,3,11,-0.00019446855658208066,-0.00022810499385187043,0.00035378332513875537,22,0.7023849487304688,False
C,3,12,-0.00019514892730229368,0.001793585200731385,0.0026621626758893584,22,0.5028400421142578,False
C,3,13,-0.0009955976840342617,0.0005522612852590258,0.0009933283642874666,22,0.7023849487304688,False
C,3,14,-0.0005778064109685,0.0005451867796357105,0.001126001257437793,22,0.7502379417419434,False
C,3,15,7.671546122550843e-05,0.0002174556118589577,0.0007303274424967374,22,0.9492697715759277,False
C,4,0,0.0027202189233938947,0.0012148212258375464,0.00168733981498271,22,0.16585874557495117,False
C,4,1,-0.0021351257439523683,-5.5276173992660114e-05,0.001191149309464739,22,0.27562665939331055,False
C,4,2,-0.010467545558360804,-0.00047469871587667344,0.009924323724624281,22,0.5235109329223633,False
C,4,3,-0.0013339242555395778,-0.001052553307382304,0.0009806621400201992,22,0.24789905548095703,False
C,4,4,0.0007378924973295668,0.0005323740478788512,0.0009141720241900605,22,0.5235109329223633,False
C,4,5,0.0020206842208998913,0.0011612639632310468,0.000850360375865434,22,0.032894134521484375,False
C,4,6,-0.020215584091136562,-0.015148750376471173,0.0040543208983859925,22,3.337860107421875e-06,True
C,4,7,0.00014703058840914555,0.00026456371748538463,0.0005672179397244546,22,0.6327285766601562,False
C,4,8,-0.00299097089736499,-0.0011201126751691662,0.0009877505691141474,22,0.007443428039550781,True
C,4,9,-0.0021080202087134367,-0.0004963232369529778,0.0027040405483271528,22,0.5879268646240234,False
C,4,10,0.00014930359536459914,-0.00026074717402907737,0.00026162120426057717,22,0.5445904731750488,False
C,4,11,-0.0023168127172954103,-0.0025203592553764993,0.0009164352817929919,22,0.022916316986083984,False
C,4,12,0.006676777779181574,0.0031062529610434066,0.003671708184719818,22,0.16585874557495117,False
C,4,13,-0.0020424791656162757,-0.001912211848351856,0.001454187704318384,22,0.16585874557495117,False
C,4,14,-0.0010869896721244054,-0.0015527433423873438,0.0008498735236872914,22,0.20992755889892578,False
C,4,15,-0.012802122247633357,-0.009487251479679014,0.0027522058216127346,22,1.430511474609375e-06,True
C,5,0,0.001885484460718231,0.0014856895586254915,0.0014927463121815168,22,0.4434065818786621,False
C,5,1,-0.0002971926614369922,-0.0005085818581756171,0.0009272014055608874,22,0.7502379417419434,False
C,5,2,-0.0021962518756300318,0.00010531066304182474,0.0032363649498472744,22,0.9492697715759277,False
C,5,3,-0.0019485090894012784,0.00010259802960102857,0.0017751150248687777,22,0.5028400421142578,False
C,5,4,0.00015995305329787217,0.0006656152833033112,0.0007683415694843534,22,0.46277761459350586,False
C,5,5,0.005329746456158585,0.006042843176553353,0.004778839620051059,22,0.3880448341369629,False
C,5,6,0.000741240095750642,0.0007414400437087303,0.0005678540811455446,22,0.09173250198364258,False
C,5,7,-0.0007246763722118213,0.00014937299891360306,0.0006592294087216033,22,0.4434065818786621,False
C,5,8,0.0008516435590291354,0.0005564016386522392,0.0012887479348044808,22,0.5879268646240234,False
C,5,9,-0.0022278708200191106,-0.0028817701841183513,0.0026083342888290396,22,0.6788630485534668,False
C,5,10,0.0005102992607717738,0.0012609735725196561,0.0021707920613470164,22,0.9492697715759277,False
C,5,11,-0.0005915640900448529,0.0004797062626980961,0.0009416226992602115,22,0.9239659309387207,False
C,5,12,0.0035292932038270756,0.001809979706769715,0.0016707359660860534,22,0.1054534912109375,False
C,5,13,0.00088803738192013,0.0009546049818757105,0.00087839283241475,22,0.32088327407836914,False
C,5,14,6.411035909104694e-05,-0.0008092143357650791,0.0008818334159882158,22,0.898735523223877,False
C,5,15,0.004571202845337828,0.0010226024228462052,0.0021365298672256453,22,0.09841060638427734,False
C,6,0,-0.0073493182324168745,-0.008447109907396217,0.0015921184519126453,22,0.0003046989440917969,True
C,6,1,-0.0007723342216857336,0.00021121487151431936,0.0022047013479807366,22,0.9492697715759277,False
C,6,2,-0.011099760503183646,-0.008630014766478018,0.002887886868177655,22,0.00042819976806640625,True
C,6,3,0.0022216403019016877,0.0011320128918538988,0.0013070277399461502,22,0.12888002395629883,False
C,6,4,-0.00018407359025069187,0.00010849908058569092,0.000819207614917205,22,0.7990336418151855,False
C,6,5,-0.0004482876565651522,-0.0006821872125885383,0.0027130170549581637,22,0.5660676956176758,False
C,6,6,-0.0014422428191696998,-0.001202658390954073,0.0010410280914109784,22,0.23476219177246094,False
C,6,7,-0.00018010275753415974,-4.134959592209315e-05,0.0007354190833371168,22,0.7261838912963867,False
C,6,8,0.001562191849390074,0.0009092620117293463,0.0014453090811045101,22,0.1761918067932129,False
C,6,9,0.0025490876199727877,0.004090595053555742,0.0024332740078150694,22,0.20992755889892578,False
C,6,10,-0.004900450034336544,-0.0030650466717744894,0.0024023822434731078,22,0.030117511749267578,False
C,6,11,-0.010493129770757323,-0.008616587858037084,0.002357262435276018,22,5.245208740234375e-05,True
C,6,12,-0.002016819977559547,-0.0018746974101553127,0.0035822197806543786,22,0.7990336418151855,False
C,6,13,0.007977648282119608,0.006214133427579908,0.0020066495226265437,22,0.0008091926574707031,True
C,6,14,-0.0033528996705207872,-0.0028611908133538617,0.0011804088221631212,22,0.010324478149414062,True
C,6,15,0.005623342147071779,0.004774139210483612,0.0020146057540346572,22,0.009274482727050781,True
C,7,0,-0.0201726527880394,-0.02228637117339339,0.006467695067694318,22,0.006649494171142578,True
C,7,1,0.003171059795922226,0.0028787107563887277,0.0017470814090323917,22,0.050072669982910156,False
C,7,2,-0.0002882249986193351,-0.0003249230297299445,0.0013835351025001479,22,0.9239659309387207,False
C,7,3,-0.00026937018781890453,-0.0010682626339510851,0.001933272239141684,22,0.5879268646240234,False
C,7,4,0.019752905324187685,0.013056606577013723,0.005091145682320701,22,0.00042819976806640625,True
C,7,5,-0.0026539626903318656,-0.0019965764789642983,0.0013499151191362876,22,0.09841060638427734,False
C,7,6,-0.004427229910647123,-4.496695011990885e-05,0.005881295158014858,22,0.6101517677307129,False
C,7,7,0.059400449543194414,0.0588970608545963,0.007407243378456849,22,4.76837158203125e-07,True
C,7,8,0.0049901518734481775,0.004616880136823219,0.0033944913445959333,22,0.09173250198364258,False
C,7,9,-0.0022822809949773638,-0.0005266144882771295,0.0021160473246082776,22,0.4060330390930176,False
C,7,10,0.002706097038078132,0.002577836713164841,0.0016140284812748,22,0.12067747116088867,False
C,7,11,-0.014427332699837335,-0.012682924482147577,0.003023850809102307,22,0.00017690658569335938,True
C,7,12,-0.000880244070010821,0.0019795450211372813,0.002645635024985559,22,0.6327285766601562,False
C,7,13,0.021448848676608904,0.007175573229882394,0.01576219710502263,22,0.06341934204101562,False
C,7,14,-0.00042059043431106285,-0.00010100931665323383,0.0005501025578805571,22,0.5879268646240234,False
C,7,15,-0.0034958655484648303,-0.0011838567141727733,0.0017557464172146928,22,0.12067747116088867,False
C,8,0,0.02248658636268521,0.01807458125338946,0.0036411691030259516,22,9.5367431640625e-07,True
C,8,1,-0.0007352860916708014,-0.0012552976323510572,0.0010155566770198143,22,0.42448854446411133,False
C,8,2,0.0002847585563340797,0.0003299401630356516,0.001827540004168632,22,0.7261838912963867,False
C,8,3,0.0021154742524883267,0.0013693254001355998,0.0015251784073704565,22,0.27562665939331055,False
C,8,4,0.0062716211097042516,0.007889366293191669,0.001874388438527287,22,0.004684925079345703,True
C,8,5,-0.02581246866417036,-0.02020831702512721,0.0036840068796368335,22,4.76837158203125e-07,True
C,8,6,0.0050466984232295535,0.003555480601124759,0.002368547987342234,22,0.03587532043457031,False
C,8,7,0.0002703958752999615,0.0006933042310385915,0.0009710600302152545,22,0.27562665939331055,False
C,8,8,-0.0009538867986412277,-0.002455067279046987,0.0024528916102817427,22,0.6101517677307129,False
C,8,9,-0.003927201736743714,-0.005401312944583953,0.0023212464712371143,22,0.0737757682800293,False
C,8,10,0.0008871488960246566,0.0011888271500374362,0.000630264499496469,22,0.07942724227905273,False
C,8,11,0.007018823042831141,0.007847978068808957,0.001956965626416025,22,0.0021948814392089844,True
C,8,12,0.0031612969627240863,0.0021256418571006745,0.0017806456845392722,22,0.0737757682800293,False
C,8,13,-0.045879861190105904,-0.045177844646034415,0.010705232410539415,22,0.00042819976806640625,True
C,8,14,0.003749916460756594,0.0034512640138089834,0.002275567777320897,22,0.20992755889892578,False
C,8,15,-0.001201717837940345,-0.0009066311603461909,0.001439735739359323,22,0.4434065818786621,False
C,9,0,9.706811535757752e-05,-8.503823708851803e-05,0.00013305389033236434,22,0.4825911521911621,False
C,9,1,-0.005501503425684525,-0.004472651122940866,0.0037727953747014255,22,0.0083160400390625,True
C,9,2,-0.06534595583192832,-0.057140098452496485,0.013601166752545385,22,0.00014638900756835938,True
C,9,3,-0.0008517435856462753,-0.0004736438685457364,0.0015596544836666481,22,0.6788630485534668,False
C,9,4,0.0067846371482458345,0.007536325515787277,0.002682957619183498,22,0.0083160400390625,True
C,9,5,0.008675417524545193,0.010420258225213436,0.00431405006460541,22,0.050072669982910156,False
C,9,6,0.010251457813648475,0.0160895747624301,0.004043722530019615,22,0.011472702026367188,True
C,9,7,-0.006091156305647536,-0.0022896172573770926,0.003925525291983189,22,0.18697643280029297,False
C,9,8,-0.006063540330524847,-0.006243112566488502,0.0031595362311779415,22,0.0737757682800293,False
C,9,9,0.00011879303770662925,0.0005628618954794168,0.0017935460323741921,22,0.5879268646240234,False
C,9,10,0.0018404117928554897,0.002440097927249502,0.0031520915172363146,22,0.5235109329223633,False
C,9,11,-0.006486039361281737,-0.009846612020801889,0.0021750995238645748,22,0.015583038330078125,True
C,9,12,0.003769863175283826,0.003428430796215798,0.002654299216346539,22,0.0737757682800293,False
C,9,13,0.00046339437959960983,0.000538836141546196,0.001194050355226951,22,0.9239659309387207,False
C,9,14,0.016220246515835948,0.014628273017295915,0.004947730542291155,22,0.004684925079345703,True
C,9,15,0.0034504113096653273,0.0022017510218469015,0.0017119208501569425,22,0.05869007110595703,False
C,10,0,0.009295479893459517,0.008902489745695054,0.0018453162633921536,22,1.1920928955078125e-05,True
C,10,1,-0.0017201943147262832,-0.0013753122223158802,0.0015722147534615043,22,0.42448854446411133,False
C,10,2,-0.0004892530556799523,0.0008218489846694157,0.0011427803277326732,22,0.7261838912963867,False
C,10,3,0.027765978689174242,0.027180390083957312,0.004267444828324835,22,4.76837158203125e-07,True
C,10,4,0.0016692582048509234,0.0010389731201306948,0.000488146086930425,22,0.00012063980102539062,True
C,10,5,0.01381993906643403,0.010205962260919793,0.004556055477204321,22,0.0036711692810058594,True
C,10,6,0.0011849446807643922,0.0016229911479553338,0.0019780897808307158,22,0.4825911521911621,False
C,10,7,0.0034176968245203383,0.0024162381590815793,0.0013524042418418343,22,0.032894134521484375,False
C,10,8,-0.00010041534640103082,-2.4166952020131117e-05,0.00027643981772128366,22,0.7990336418151855,False
C,10,9,0.03394776428204867,0.03424168866807305,0.006347828756783063,22,2.6226043701171875e-05,True
C,10,10,-0.050341590235971664,-0.05449934859954983,0.006537495217930466,22,9.5367431640625e-07,True
C,10,11,-0.00032703791666521424,-0.00017279761558196825,0.002972177380972641,22,0.7023849487304688,False
C,10,12,0.0066155800653207,0.00780044464323131,0.0026224594373796123,22,0.022916316986083984,False
C,10,13,0.02226799322018537,0.024843452882107035,0.004040494365296969,22,8.058547973632812e-05,True
C,10,14,-0.009199957152657872,-0.003152356083726043,0.005831269131926833,22,0.4060330390930176,False
C,10,15,-0.011725901431960036,-0.012256911239266883,0.0028805150765324125,22,0.0005044937133789062,True
C,11,0,0.006422075039856329,0.005244051919869304,0.0012083875173401562,22,2.0503997802734375e-05,True
C,11,1,0.010583018659839018,0.006665687082787695,0.0034826632769945744,22,1.430511474609375e-06,True
C,11,2,0.03487631293595192,0.022631078675661165,0.009245507226825864,22,4.76837158203125e-07,True
C,11,3,-0.010341205382317835,-0.012552432466223912,0.005984085794550924,22,0.13748931884765625,False
C,11,4,-0.0887721279158752,-0.04595048961175709,0.032363625349542326,22,4.76837158203125e-07,True
C,11,5,0.046349375833669576,0.046513893934122724,0.0048031052639010904,22,9.5367431640625e-07,True
C,11,6,0.03567660230130321,0.03392005097788621,0.005069604059940095,22,1.430511474609375e-06,True
C,11,7,-0.007434480102739472,-0.0034294810235820958,0.003442121639298265,22,0.042498111724853516,False
C,11,8,-0.006056023140575006,-0.0038866508585073106,0.002316656813898384,22,0.030117511749267578,False
C,11,9,-0.0049827501387231694,-0.0008801739977099761,0.003869831696391059,22,0.3880448341369629,False
C,11,10,-9.798334164044987e-05,0.0016480734393151627,0.0025610918401279778,22,0.8237285614013672,False
C,11,11,-0.0005247670144503118,-0.0004909508864196981,0.00024263835421013663,22,0.020858287811279297,True
C,11,12,0.0012153187424147377,0.0005503000080239095,0.0019768699813615016,22,0.774528980255127,False
C,11,13,0.0022587597377793697,0.0023470653015900947,0.0008448115078952943,22,0.014094829559326172,True
C,11,14,0.2093051961890157,0.1661848212014328,0.0354271601172242,22,4.76837158203125e-07,True
C,11,15,-0.0031185049344284064,0.0004710273589615634,0.002341436544511336,22,0.4060330390930176,False
C,12,0,-0.044836516760313215,-0.031967678596247134,0.010030466574616922,22,4.76837158203125e-07,True
C,12,1,-0.0035544648506839137,-0.003302601517062905,0.0007658777367362741,22,5.245208740234375e-05,True
C,12,2,-0.0004715391996012479,2.876712656832962e-05,0.002272831253474953,22,0.9239659309387207,False
C,12,3,0.0012395420056291204,-0.00047434871409376034,0.002399536055160705,22,0.7261838912963867,False
C,12,4,0.002238516568514382,0.002570508264289212,0.0012748945437418783,22,0.1054534912109375,False
C,12,5,-0.0015373740600423283,-0.002480888226949831,0.002429320967566569,22,0.6101517677307129,False
C,12,6,6.659880350743798e-05,9.351540765380951e-05,9.091201529309505e-05,22,0.3705310821533203,False
C,12,7,-0.0354536270216133,-0.031724911119864786,0.007134893996208984,22,9.870529174804688e-05,True
C,12,8,0.0018240700553083695,0.0009466792501256623,0.0007169617932717791,22,0.009274482727050781,True
C,12,9,0.009510645499759876,0.00915910288884332,0.0017146175940519325,22,1.5735626220703125e-05,True
C,12,10,-0.013220620025625613,-0.01021075535210354,0.004458311084986018,22,0.00014638900756835938,True
C,12,11,0.023510664566015683,0.021331971629595162,0.003931721674238373,22,6.67572021484375e-06,True
C,12,12,-0.02909201507254665,-0.02334493316645367,0.006186065723696987,22,2.384185791015625e-06,True
C,12,13,0.014712430720814094,0.0037286166594579315,0.009297033882467904,22,0.18697643280029297,False
C,12,14,-0.006170334646804826,-0.005244174117532905,0.0015566449272138936,22,0.0008091926574707031,True
C,12,15,-0.005979294506086944,-0.005386132626154788,0.001617023249071392,22,0.0014548301696777344,True
C,13,0,0.00955546961725903,0.0074233085728648875,0.0017749489168512901,22,5.245208740234375e-05,True
C,13,1,0.005517507120183242,0.014108704864480619,0.011360108132324912,22,0.4060330390930176,False
C,13,2,-0.0001249140160428003,-0.00016673092805043118,0.0005011473369403766,22,0.9239659309387207,False
C,13,3,-0.0050073344823377665,-0.004359146535726657,0.0014930553674372643,22,0.005275726318359375,True
C,13,4,0.03441696003241314,0.028017976818942032,0.008566342362543637,22,0.0008091926574707031,True
C,13,5,0.028623263565035376,0.022681784443703862,0.008260399923504495,22,5.245208740234375e-05,True
C,13,6,-0.008128696754806028,-0.010881815812777636,0.002876808436392438,22,0.009274482727050781,True
C,13,7,-0.017748370258263993,-0.01855998787383223,0.002026341200013808,22,9.5367431640625e-07,True
C,13,8,0.0043076286406775076,0.004053303545008877,0.0009778825709978803,22,0.0005044937133789062,True
C,13,9,-0.001358866774633521,-0.0011063999961844716,0.0002981001037346215,22,0.00014638900756835938,True
C,13,10,-0.001436034747001847,-0.0022972029903199362,0.0010334063817930292,22,0.13748931884765625,False
C,13,11,0.004989087095588796,0.0036874977054774877,0.00123270838898426,22,9.870529174804688e-05,True
C,13,12,0.0031049024352637236,0.0007933501167952513,0.001657522275481572,22,0.19821882247924805,False
C,13,13,0.0010231095615939856,0.0012182941642469862,0.00037625287588184035,22,0.0014548301696777344,True
C,13,14,0.001229213693383502,0.000889810980514695,0.0003035781811220632,22,4.1961669921875e-05,True
C,13,15,-0.013145937530956745,-0.008933060810929903,0.0029094172635816817,22,5.245208740234375e-05,True
C,14,0,-0.0798781672639348,-0.0658076812424292,0.011216539608461381,22,9.5367431640625e-07,True
C,14,1,-0.005280583527914672,-0.0049802102521655026,0.0017217812611167458,22,0.005928516387939453,True
C,14,2,0.0015700277970575529,0.001610460625861982,0.0005211529291942073,22,0.005275726318359375,True
C,14,3,-0.057809334670545054,-0.05368430524242559,0.006894722058242233,22,4.76837158203125e-07,True
C,14,4,0.0007951567880573205,0.00047626613146391,0.0013536303475817535,22,0.6788630485534668,False
C,14,5,-0.0006428427016787875,-0.0004722938890602222,0.0003105964674385209,22,0.09841060638427734,False
C,14,6,-0.003087396039564155,-0.0012227234186022251,0.001177834377606997,22,0.017200946807861328,True
C,14,7,0.0017360675275335134,0.00032231786649272157,0.001477685730103202,22,0.27562665939331055,False
C,14,8,-0.009135403092344447,-0.008324992481224541,0.001964583647208245,22,5.245208740234375e-05,True
C,14,9,0.0011049322267723193,0.0016788003165166595,0.0007294275298250128,22,0.09841060638427734,False
C,14,10,-0.0006532812290180131,-0.0009705112200432853,0.0004229600231930847,22,0.16585874557495117,False
C,14,11,-0.006152850799798885,-0.008794512606228495,0.006296304477437221,22,0.2221074104309082,False
C,14,12,0.001214986121087792,0.0014045438969926874,0.0017204728914074882,22,0.7023849487304688,False
C,14,13,0.006955922430139796,0.0016166866518488817,0.004444932198059326,22,0.3369474411010742,False
C,14,14,-0.002308960203147133,-0.0022814288690552586,0.0005857771373100182,22,0.0008091926574707031,True
C,14,15,0.0008318037168573927,0.0006293938534809504,0.0005156826865425775,22,0.08540916442871094,False
C,15,0,0.0015595471151620159,0.0006360253727680948,0.001485990288903024,22,0.4825911521911621,False
C,15,1,-0.0020553829792598695,-0.0018124890062433101,0.0004675604224470847,22,0.0003046989440917969,True
C,15,2,-0.02563951379473092,-0.02184754491455075,0.0037163423058527586,22,9.5367431640625e-07,True
C,15,3,0.002131106752145175,0.001876883663913104,0.0005704721230665317,22,0.0003046989440917969,True
C,15,4,0.0007470977931526484,-0.0005121705993377877,0.0010184640669031425,22,0.9746217727661133,False
C,15,5,0.026167129255247126,0.02000119984671045,0.004128702282161625,22,4.76837158203125e-07,True
C,15,6,0.04068708599577949,0.023419260568201806,0.009699370556021169,22,4.76837158203125e-07,True
C,15,7,-0.0006486369309974447,-0.0004913296462646593,0.0013586636429544856,22,0.8736042976379395,False
C,15,8,0.01208182490844134,0.010567458291377025,0.0012807308367267082,22,4.76837158203125e-07,True
C,15,9,0.005973297517940346,0.007211925347401773,0.004721423873837107,22,0.12067747116088867,False
C,15,10,0.008654213198815614,0.00845221523031167,0.002801914807297439,22,0.004684925079345703,True
C,15,11,-0.0014185494385984957,-0.00015128591153724298,0.0026732616465661645,22,0.7023849487304688,False
C,15,12,-0.017180452495221314,-0.015514652720348316,0.0013505479458565083,22,4.76837158203125e-07,True
C,15,13,8.066231137343357e-05,-8.746237754583972e-05,0.0006056438276365356,22,0.9492697715759277,False
C,15,14,0.0010750376481813491,0.0009228287951790412,0.00042355719184272934,22,0.018956661224365234,True
C,15,15,-0.0020677880148903473,-0.0032016517560451764,0.003126770693260233,22,0.5028400421142578,False
C,16,0,-0.191694172406923,-0.14227149398360106,0.034519422508473535,22,4.76837158203125e-07,True
C,16,1,0.010429102186080065,0.00967147822768772,0.0016651395590755998,22,4.76837158203125e-07,True
C,16,2,0.0010197961983716374,0.00027086677328226844,0.0005648315455997328,22,0.12888002395629883,False
C,16,3,0.002509273148892159,0.002018172471828882,0.0005355439355174115,22,1.5735626220703125e-05,True
C,16,4,2.6307920560995227e-05,-0.0002640671442057394,0.0004051675958376954,22,0.7990336418151855,False
C,16,5,0.004422204776429034,0.003500291987424534,0.0007909615873421878,22,4.76837158203125e-07,True
C,16,6,-0.0003821617191727725,-0.00031797332279467894,0.0002241517065705854,22,0.05869007110595703,False
C,16,7,0.009494587083806549,0.006127727251749527,0.002565446079102687,22,0.0019183158874511719,True
C,16,8,-0.00029157336205866565,-0.00023847774840226894,0.00037507173783389553,22,0.3705310821533203,False
C,16,9,0.018700130087966903,0.015841576426114643,0.0041095484255872046,22,0.0003046989440917969,True
C,16,10,-0.003274551129215725,-0.0023743308442425674,0.0011737286035657865,22,0.006649494171142578,True
C,16,11,-0.012304158034591933,-0.0074760875416762015,0.004231402118463457,22,0.01272726058959961,True
C,16,12,0.0011879846142967387,0.00090750812553448,0.00045577328439870053,22,0.014094829559326172,True
C,16,13,0.002024528840140291,0.002291408260226068,0.0008848023072326703,22,0.011472702026367188,True
C,16,14,0.00021881523664265743,0.00014961525852160232,0.00013008824364500003,22,0.2902231216430664,False
C,16,15,0.01124242593149883,0.00799419276069379,0.0034381668159280837,22,0.0025048255920410156,True
C,17,0,0.005678337715996461,0.00350783703847373,0.0013529893021534492,22,0.0005927085876464844,True
C,17,1,-0.0002189186579145474,-0.00013632220869915472,0.00010640343323042144,22,0.11287164688110352,False
C,17,2,0.013108094173008226,0.01259285868922325,0.002432174552343405,22,2.6226043701171875e-05,True
C,17,3,-0.005920580957019416,-0.004587591541773658,0.0018192281865595178,22,0.0019183158874511719,True
C,17,4,0.003331440584153911,0.001833144935985375,0.0015748512580606537,22,0.01272726058959961,True
C,17,5,0.001427461059082668,0.0014568154654905113,0.000608400228578532,22,0.022916316986083984,False
C,17,6,0.17585452587760908,0.16045470460504796,0.018219900754774792,22,9.5367431640625e-07,True
C,17,7,-0.011155619445356259,-0.010474742088304775,0.0017533331250823639,22,4.76837158203125e-07,True
C,17,8,-0.0018587495754892507,-0.0008451158180463684,0.0008052976362498618,22,0.009274482727050781,True
C,17,9,0.001766885188949343,0.0008471023499995573,0.0007869565795670398,22,9.870529174804688e-05,True
C,17,10,0.11846205461873506,0.10367221105032423,0.015323745683489343,22,4.76837158203125e-07,True
C,17,11,0.058077958840734835,0.05082286956125941,0.007254470477120991,22,4.76837158203125e-07,True
C,17,12,-0.006435806476768716,-0.005622424367868821,0.0032233529006884193,22,0.1054534912109375,False
C,17,13,0.045738028460809946,0.043938838416582277,0.008193691592542185,22,1.5735626220703125e-05,True
C,17,14,0.0006165070021977157,0.0006535057473922671,0.0002783758715771736,22,0.042498111724853516,False
C,17,15,0.0008027884844976573,-2.1359773630272213e-05,0.0007475499634773775,22,0.5028400421142578,False
C,18,0,0.016202633812798115,0.008606503464100267,0.004737318373038738,22,0.00017690658569335938,True
C,18,1,4.4154089520452335e-05,0.0003439875083670052,0.0002591852874949026,22,0.16585874557495117,False
C,18,2,0.005414370153153726,0.0036684679528585637,0.001007821828604604,22,4.76837158203125e-07,True
C,18,3,6.1832900958340106e-06,0.0,5.520350589485235e-06,22,0.28504940740261275,False
C,18,4,0.0019411945977794688,0.0009548532641306406,0.0006397350389510016,22,0.006649494171142578,True
C,18,5,-0.0013331440487613653,-0.0009373202025329853,0.00028282384171332407,22,1.5735626220703125e-05,True
C,18,6,0.009192053804809499,0.01422363414061522,0.0029251999680105297,22,0.005928516387939453,True
C,18,7,0.015372419299223916,0.014350319973049384,0.0025343701554151887,22,9.5367431640625e-07,True
C,18,8,0.0488254481499427,0.023349476493609175,0.01582399495102195,22,4.76837158203125e-07,True
C,18,9,-0.031243462108889383,-0.01839385785562154,0.011161642630091638,22,9.870529174804688e-05,True
C,18,10,0.025515571168058623,0.009278379334886868,0.01063105861609102,22,2.6226043701171875e-05,True
C,18,11,0.005582098145661127,0.001788190905690837,0.0024782299264009006,22,0.08540916442871094,False
C,18,12,0.02567296783486329,0.014611622208936104,0.006822158162914903,22,4.76837158203125e-07,True
C,18,13,0.0013046671666317488,0.00027954199734709707,0.0009311280941665801,22,0.3705310821533203,False
C,18,14,0.02281009747183359,0.009545110080755294,0.005563227813432714,22,2.384185791015625e-06,True
C,18,15,-5.5284182912166615e-05,-0.00026343301717496553,0.0003002469877195727,22,0.15597057342529297,False
C,19,0,-8.946875431690643e-05,2.3016780158353858e-05,0.00010654694102342282,22,0.7990336418151855,False
C,19,1,0.00031762857962157993,-6.822181561391288e-05,0.0004754504219895744,22,0.9746217727661133,False
C,19,2,0.005463640924407522,0.004120217391866101,0.0009746823662588939,22,2.384185791015625e-06,True
C,19,3,0.001813996182675496,0.0006388039432697386,0.0007112622379159752,22,0.005928516387939453,True
C,19,4,0.0035184357799654133,0.003711474586573925,0.0010271459427204598,22,0.0036711692810058594,True
C,19,5,-0.002977495704185562,-0.0020423293847526298,0.0006688330426388102,22,8.058547973632812e-05,True
C,19,6,-4.3199808299697856e-05,-1.8517676633872063e-05,2.0635279602073626e-05,22,0.015583038330078125,True
C,19,7,0.0031767532093538446,0.0014321737762589962,0.0016831489622362488,22,0.030117511749267578,False
C,19,8,0.0283052772652861,0.018663252939249312,0.004995984127086799,22,4.76837158203125e-07,True
C,19,9,0.012324589627257439,0.009158107192544243,0.001897313295386078,22,9.5367431640625e-07,True
C,19,10,0.06142895390665975,0.053237143801885434,0.008137178679814045,22,4.76837158203125e-07,True
C,19,11,-0.0003152938590918076,-0.0002073203184328053,0.00020371601824178176,22,0.027535438537597656,False
C,19,12,0.004483688382327529,0.0014980313591324544,0.0018454043242333833,22,0.03587532043457031,False
C,19,13,-0.002984872139992971,-0.0015769484789040042,0.0007635876809941523,22,1.5735626220703125e-05,True
C,19,14,0.0006117048057745357,0.00010939521678151736,0.0003014113435328718,22,0.23476219177246094,False
C,19,15,-0.28418611763833473,-0.23891814874223863,0.0741112322166523,22,9.5367431640625e-07,True
C,20,0,-0.004429916380465902,-6.37527009819849e-05,0.003059999486570976,22,0.09173250198364258,False
C,20,1,0.07053355550596888,0.046201773016767034,0.01929516128556467,22,4.76837158203125e-07,True
C,20,2,-0.00204787816786392,-0.0017096002465486384,0.0004316634720112921,22,2.6226043701171875e-05,True
C,20,3,-3.374459031844104e-05,3.3185952092397524e-06,3.146825748979618e-05,22,0.9492697715759277,False
C,20,4,0.0003034129269430284,-4.182050741335046e-05,0.00021661394633835468,22,0.3369474411010742,False
C,20,5,-0.005685330554751719,-0.002823641421604192,0.0015700497031696525,22,2.0503997802734375e-05,True
C,20,6,0.0010884450392140812,0.001409380267754419,0.0004468857680308543,22,0.018956661224365234,True
C,20,7,-0.00012678364106597802,1.2196473673350116e-05,0.00020497468778106877,22,0.7261838912963867,False
C,20,8,-0.0008176176229157659,-2.8460148015100165e-05,0.0007855985261217605,22,0.022916316986083984,False
C,20,9,-1.0670090321359037e-05,-1.4004120702587685e-05,1.7872194695465124e-05,22,0.19821882247924805,False
C,20,10,-0.001394151205870381,-0.0008855843042811821,0.0010076018634734478,22,0.09841060638427734,False
C,20,11,-0.0001175930595905881,-1.6049433145712895e-05,6.571111326050278e-05,22,0.06844425201416016,False
C,20,12,2.0198443618909902e-05,-8.641026546607856e-06,0.00013400694907816512,22,0.9746217727661133,False
C,20,13,0.003705946543982408,0.0028117144702166277,0.001200655199222815,22,0.00021314620971679688,True
C,20,14,-0.0004291953998973249,-0.00018654836638726176,0.0006997301346252878,22,0.15597057342529297,False
C,20,15,0.0782105028402926,0.056730402968445316,0.015044873268457708,22,4.76837158203125e-07,True
C,21,0,-0.000300944249728769,-1.2174038618970171e-05,0.0003959373612945575,22,0.5235109329223633,False
C,21,1,0.012111921928750184,0.008746373598165253,0.002803521251505497,22,2.6226043701171875e-05,True
C,21,2,0.001277086255269885,0.000948149222483539,0.00029070685438072524,22,6.532669067382812e-05,True
C,21,3,-3.693503172856036e-05,-1.712368717980579e-05,6.991656327024468e-05,22,0.6788630485534668,False
C,21,4,4.080321188363603e-06,0.00040381336203447585,0.0008902413224130788,22,0.4060330390930176,False
C,21,5,0.005041728940163325,0.004888978484800967,0.0008392807248762908,22,4.76837158203125e-07,True
C,21,6,-0.0011625563912440724,-0.0005258215738624612,0.00040181365177432586,22,0.011472702026367188,True
C,21,7,0.007168441240495987,0.006379415837568661,0.0009641353877104846,22,9.5367431640625e-07,True
C,21,8,0.0029591918898303343,0.0007174881046155982,0.0012797693405955295,22,0.003239154815673828,True
C,21,9,-0.025692478483793635,-0.006519187242494891,0.013259163605236783,22,0.004151344299316406,True
C,21,10,0.005164901734424824,0.00552383738245588,0.000654642147231885,22,4.76837158203125e-07,True
C,21,11,0.0021143785492323992,0.0010493407086747258,0.0006233542243784364,22,0.00042819976806640625,True
C,21,12,-0.00033366021060711123,-0.00017346340591851893,0.0001665737004344649,22,0.06844425201416016,False
C,21,13,0.04413245969974126,0.003947558981460802,0.016583777031291772,22,0.022916316986083984,False
C,21,14,0.003741991314304757,0.0002037416323903681,0.0023016790537405737,22,0.15597057342529297,False
C,21,15,-0.001159797872164333,-0.0007910933195301144,0.000770134760540674,22,0.027535438537597656,False
C,22,0,-6.665735384692311e-06,-3.741205655874778e-06,2.536556120050987e-05,22,0.5028400421142578,False
C,22,1,0.002776881879736061,0.002425299113775377,0.00037192335596000753,22,1.430511474609375e-06,True
C,22,2,0.0004742664236981271,0.000144418530260188,0.0003388521066829988,22,0.005275726318359375,True
C,22,3,0.004667906870945479,0.00451918247318074,0.0010636806731947842,22,0.00042819976806640625,True
C,22,4,1.0461876470481755e-05,3.5119267423768386e-06,9.008214343729258e-06,22,0.5445904731750488,False
C,22,5,-1.6519676919577394e-05,-7.707934053031578e-06,5.857994198702657e-06,22,0.005723186500070234,True
C,22,6,0.0033976150342790836,0.001256373317203472,0.001342831983344587,22,0.0009412765502929688,True
C,22,7,-3.667261926668524e-07,-1.910160894952359e-06,1.2418221849167848e-05,22,0.3705310821533203,False
C,22,8,0.0002584364432409729,0.0002324951594999047,5.441702295712027e-05,22,9.059906005859375e-06,True
C,22,9,0.0004926926857684562,0.0002550608207555337,0.0002678798393822654,22,0.022916316986083984,False
C,22,10,0.002457225058852684,0.0024919645451131657,0.0005677708826654585,22,0.0003046989440917969,True
C,22,11,0.004087651527567799,0.002864124469436667,0.0008120103721086266,22,9.5367431640625e-07,True
C,22,12,-5.102396477084417e-07,2.4329228902191666e-08,1.0567669983140304e-06,22,0.7261838912963867,False
C,22,13,-1.1053537424520057e-05,3.7735986843950473e-06,2.6150279105039253e-05,22,0.19821882247924805,False
C,22,14,1.4984138491519262e-05,1.4984665933213938e-05,1.9461262848562752e-05,22,0.09841060638427734,False
C,22,15,9.566617409052531e-06,1.0237157403437408e-05,6.769623144230962e-05,22,0.8736042976379395,False
C,23,0,2.073830352269193e-06,-3.7920149823460094e-06,7.5939223323263e-05,22,0.9492697715759277,False
C,23,1,0.0003398923225378429,6.843473215172021e-07,0.000312791303162601,22,0.034669963150986444,False
C,23,2,4.495372643980838e-05,5.233987540930377e-06,3.570686977790551e-05,22,0.0009412765502929688,True
C,23,3,4.8818269136287386e-05,1.5532821865666386e-06,0.000512642547355814,22,0.4434065818786621,False
C,23,4,-2.845768075290374e-06,-1.62953797409724e-06,4.448435259410187e-06,22,0.5202133776633694,False
C,23,5,1.468405686957718e-05,3.8484267228929055e-07,1.1298430915145562e-05,22,0.614271268095052,False
C,23,6,3.854370891490723e-08,0.0,5.1187256060539796e-08,22,0.5076243443095237,False
C,23,7,0.006657443543836522,0.007097728440956238,0.0010868597136764043,22,4.76837158203125e-06,True
C,23,8,0.0,0.0,0.0,22,,False
C,23,9,6.005917076325546e-07,4.251919384609668e-07,5.252363637251275e-07,22,0.33915541347158473,False
C,23,10,0.0020767896591456277,0.0005373146208005364,0.0011480403240455332,22,0.004684925079345703,True
C,23,11,0.0002210298493185602,1.3172472694120535e-05,0.00015964333121081464,22,0.0019440584341867799,True
C,23,12,0.005101238837731147,0.005392931881680139,0.0007870579581744161,22,4.76837158203125e-06,True
C,23,13,4.338149358939512e-06,1.0543008561063193e-06,1.9045808005813295e-06,22,0.0298290379406944,False
C,23,14,0.009107268481517727,0.008029100121613106,0.0011985881706758515,22,4.76837158203125e-07,True
C,23,15,0.0009009054309053184,0.0008277725342714408,0.0003229871684437238,22,0.005928516387939453,True
